idna_subject,checker_type,destination,source,tested_at,session_id
3407.tm.zedo.com,AVAILABILITY,domains.list,domains.list,2026-09-30 08:59:18.643837+00:00,85a7e0cac0c379a8d12eeac3
7fkm2r4pzi.com,AVAILABILITY,domains.list,domains.list,2026-09-30 08:59:19.354558+00:00,85a7e0cac0c379a8d12eeac3
a.adtng.com,AVAILABILITY,domains.list,domains.list,2026-09-30 08:59:20.715144+00:00,85a7e0cac0c379a8d12eeac3
a.bf-ad.net,AVAILABILITY,domains.list,domains.list,2026-09-30 08:59:22.063940+00:00,85a7e0cac0c379a8d12eeac3
a.exosrv.com,AVAILABILITY,domains.list,domains.list,2026-09-30 08:59:23.059793+00:00,85a7e0cac0c379a8d12eeac3
a.realsrv.com,AVAILABILITY,domains.list,domains.list,2026-09-30 08:59:23.870859+00:00,85a7e0cac0c379a8d12eeac3
a.teads.tv,AVAILABILITY,domains.list,domains.list,2026-09-30 08:59:24.292669+00:00,85a7e0cac0c379a8d12eeac3
a.tribalfusion.com,AVAILABILITY,domains.list,domains.list,2026-09-30 08:59:24.482411+00:00,85a7e0cac0c379a8d12eeac3
a.vdo.ai,AVAILABILITY,domains.list,domains.list,2026-09-30 08:59:25.035357+00:00,85a7e0cac0c379a8d12eeac3
a.wyzmob.com,AVAILABILITY,domains.list,domains.list,2026-09-30 08:59:26.094779+00:00,85a7e0cac0c379a8d12eeac3
a2232.casalemedia.com,AVAILABILITY,domains.list,domains.list,2026-09-30 08:59:26.627396+00:00,85a7e0cac0c379a8d12eeac3
acceptable.a-ads.com,AVAILABILITY,domains.list,domains.list,2026-09-30 08:59:27.775767+00:00,85a7e0cac0c379a8d12eeac3
acdn.adnxs.com,AVAILABILITY,domains.list,domains.list,2026-09-30 08:59:28.094263+00:00,85a7e0cac0c379a8d12eeac3
ad-cdn.technoratimedia.com,AVAILABILITY,domains.list,domains.list,2026-09-30 08:59:29.027653+00:00,85a7e0cac0c379a8d12eeac3
ad-js.chip.de,AVAILABILITY,domains.list,domains.list,2026-09-30 08:59:30.194674+00:00,85a7e0cac0c379a8d12eeac3
ad.3dpop.kr,AVAILABILITY,domains.list,domains.list,2026-09-30 08:59:30.731405+00:00,85a7e0cac0c379a8d12eeac3
ad.a-ads.com,AVAILABILITY,domains.list,domains.list,2026-09-30 08:59:31.478875+00:00,85a7e0cac0c379a8d12eeac3
ad.abchub.site,AVAILABILITY,domains.list,domains.list,2026-09-30 08:59:33.948901+00:00,85a7e0cac0c379a8d12eeac3
ad.about.co.kr,AVAILABILITY,domains.list,domains.list,2026-09-30 08:59:40.032367+00:00,85a7e0cac0c379a8d12eeac3
ad.aceplanet.co.kr,AVAILABILITY,domains.list,domains.list,2026-09-30 08:59:42.722282+00:00,85a7e0cac0c379a8d12eeac3
ad.ad-stir.com,AVAILABILITY,domains.list,domains.list,2026-09-30 08:59:43.384518+00:00,85a7e0cac0c379a8d12eeac3
ad.ad4989.co.kr,AVAILABILITY,domains.list,domains.list,2026-09-30 08:59:44.223993+00:00,85a7e0cac0c379a8d12eeac3
ad.adinc.kr,AVAILABILITY,domains.list,domains.list,2026-09-30 08:59:45.768188+00:00,85a7e0cac0c379a8d12eeac3
ad.adjw.co.kr,AVAILABILITY,domains.list,domains.list,2026-09-30 08:59:49.503055+00:00,85a7e0cac0c379a8d12eeac3
ad.adkova.com,AVAILABILITY,domains.list,domains.list,2026-09-30 09:00:10.379453+00:00,85a7e0cac0c379a8d12eeac3
ad.adnmore.co.kr,AVAILABILITY,domains.list,domains.list,2026-09-30 09:00:12.278640+00:00,85a7e0cac0c379a8d12eeac3
ad.adotsolution.com,AVAILABILITY,domains.list,domains.list,2026-09-30 09:00:13.075018+00:00,85a7e0cac0c379a8d12eeac3
ad.adpon.jp,AVAILABILITY,domains.list,domains.list,2026-09-30 09:00:13.629665+00:00,85a7e0cac0c379a8d12eeac3
ad.afy11.net,AVAILABILITY,domains.list,domains.list,2026-09-30 09:00:14.862456+00:00,85a7e0cac0c379a8d12eeac3
ad.api.adwiser.kr,AVAILABILITY,domains.list,domains.list,2026-09-30 09:00:16.478038+00:00,85a7e0cac0c379a8d12eeac3
ad.applead.co.kr,AVAILABILITY,domains.list,domains.list,2026-09-30 09:00:19.732142+00:00,85a7e0cac0c379a8d12eeac3
ad.bananamall.co.kr,AVAILABILITY,domains.list,domains.list,2026-09-30 09:00:20.574296+00:00,85a7e0cac0c379a8d12eeac3
ad.cauly.co.kr,AVAILABILITY,domains.list,domains.list,2026-09-30 09:00:21.928163+00:00,85a7e0cac0c379a8d12eeac3
ad.crwdcntrl.net,AVAILABILITY,domains.list,domains.list,2026-09-30 09:00:22.366691+00:00,85a7e0cac0c379a8d12eeac3
ad.cyycoy.com,AVAILABILITY,domains.list,domains.list,2026-09-30 09:00:23.656629+00:00,85a7e0cac0c379a8d12eeac3
ad.doyouad.com,AVAILABILITY,domains.list,domains.list,2026-09-30 09:00:24.154637+00:00,85a7e0cac0c379a8d12eeac3
ad.dt.co.kr,AVAILABILITY,domains.list,domains.list,2026-09-30 09:00:45.177602+00:00,85a7e0cac0c379a8d12eeac3
ad.feedbag.co.kr,AVAILABILITY,domains.list,domains.list,2026-09-30 09:00:48.313842+00:00,85a7e0cac0c379a8d12eeac3
ad.hankooki.com,AVAILABILITY,domains.list,domains.list,2026-09-30 09:01:09.149682+00:00,85a7e0cac0c379a8d12eeac3
ad.hankookilbo.com,AVAILABILITY,domains.list,domains.list,2026-09-30 09:01:09.758301+00:00,85a7e0cac0c379a8d12eeac3
ad.ilbe.com,AVAILABILITY,domains.list,domains.list,2026-09-30 09:01:11.740147+00:00,85a7e0cac0c379a8d12eeac3
ad.imp.joins.com,AVAILABILITY,domains.list,domains.list,2026-09-30 09:01:12.733552+00:00,85a7e0cac0c379a8d12eeac3
ad.kmib.co.kr,AVAILABILITY,domains.list,domains.list,2026-09-30 09:01:15.904800+00:00,85a7e0cac0c379a8d12eeac3
ad.koreadaily.com,AVAILABILITY,domains.list,domains.list,2026-09-30 09:01:36.206960+00:00,85a7e0cac0c379a8d12eeac3
ad.linkprice.com,AVAILABILITY,domains.list,domains.list,2026-09-30 09:01:36.695159+00:00,85a7e0cac0c379a8d12eeac3
ad.luxnet.ua,AVAILABILITY,domains.list,domains.list,2026-09-30 09:01:37.248524+00:00,85a7e0cac0c379a8d12eeac3
ad.mediatoday.co.kr,AVAILABILITY,domains.list,domains.list,2026-09-30 09:01:58.450645+00:00,85a7e0cac0c379a8d12eeac3
ad.medicaltimes.com,AVAILABILITY,domains.list,domains.list,2026-09-30 09:02:00.907344+00:00,85a7e0cac0c379a8d12eeac3
ad.mox.tv,AVAILABILITY,domains.list,domains.list,2026-09-30 09:02:01.937694+00:00,85a7e0cac0c379a8d12eeac3
ad.osen.co.kr,AVAILABILITY,domains.list,domains.list,2026-09-30 09:02:23.480728+00:00,85a7e0cac0c379a8d12eeac3
ad.phaserep.com,AVAILABILITY,domains.list,domains.list,2026-09-30 09:02:25.108655+00:00,85a7e0cac0c379a8d12eeac3
ad.pickple.net,AVAILABILITY,domains.list,domains.list,2026-09-30 09:02:45.872079+00:00,85a7e0cac0c379a8d12eeac3
ad.planbplus.co.kr,AVAILABILITY,domains.list,domains.list,2026-09-30 09:02:46.978105+00:00,85a7e0cac0c379a8d12eeac3
ad.priel.co.kr,AVAILABILITY,domains.list,domains.list,2026-09-30 09:02:48.778297+00:00,85a7e0cac0c379a8d12eeac3
ad.reople.co.kr,AVAILABILITY,domains.list,domains.list,2026-09-30 09:02:50.938406+00:00,85a7e0cac0c379a8d12eeac3
ad.sitemaji.com,AVAILABILITY,domains.list,domains.list,2026-09-30 09:02:52.004597+00:00,85a7e0cac0c379a8d12eeac3
ad.tf.co.kr,AVAILABILITY,domains.list,domains.list,2026-09-30 09:03:13.159879+00:00,85a7e0cac0c379a8d12eeac3
ad.tjtune.com,AVAILABILITY,domains.list,domains.list,2026-09-30 09:03:14.241897+00:00,85a7e0cac0c379a8d12eeac3
ad.tpmn.co.kr,AVAILABILITY,domains.list,domains.list,2026-09-30 09:03:15.089407+00:00,85a7e0cac0c379a8d12eeac3
ad.tpmn.io,AVAILABILITY,domains.list,domains.list,2026-09-30 09:03:15.954227+00:00,85a7e0cac0c379a8d12eeac3
ad.turn.com,AVAILABILITY,domains.list,domains.list,2026-09-30 09:03:16.223119+00:00,85a7e0cac0c379a8d12eeac3
ad.xc.netinsight.co.kr,AVAILABILITY,domains.list,domains.list,2026-09-30 09:03:17.768564+00:00,85a7e0cac0c379a8d12eeac3
ad.yieldlab.net,AVAILABILITY,domains.list,domains.list,2026-09-30 09:03:18.578450+00:00,85a7e0cac0c379a8d12eeac3
ad1.adfarm1.adition.com,AVAILABILITY,domains.list,domains.list,2026-09-30 09:03:19.303137+00:00,85a7e0cac0c379a8d12eeac3
ad1.missyusa.com,AVAILABILITY,domains.list,domains.list,2026-09-30 09:03:19.652851+00:00,85a7e0cac0c379a8d12eeac3
ad1.sportschosun.com,AVAILABILITY,domains.list,domains.list,2026-09-30 09:03:40.623776+00:00,85a7e0cac0c379a8d12eeac3
ad1.sportsseoul.com,AVAILABILITY,domains.list,domains.list,2026-09-30 09:04:01.292455+00:00,85a7e0cac0c379a8d12eeac3
ad2.thisisgame.com,AVAILABILITY,domains.list,domains.list,2026-09-30 09:04:02.189662+00:00,85a7e0cac0c379a8d12eeac3
ad8.adfarm1.adition.com,AVAILABILITY,domains.list,domains.list,2026-09-30 09:04:02.876694+00:00,85a7e0cac0c379a8d12eeac3
ad999.biz,AVAILABILITY,domains.list,domains.list,2026-09-30 09:04:03.148292+00:00,85a7e0cac0c379a8d12eeac3
adapi.feeldmc.com,AVAILABILITY,domains.list,domains.list,2026-09-30 09:04:04.356866+00:00,85a7e0cac0c379a8d12eeac3
adcdn.goo.ne.jp,AVAILABILITY,domains.list,domains.list,2026-09-30 09:04:05.725153+00:00,85a7e0cac0c379a8d12eeac3
adcode.rontar.com,AVAILABILITY,domains.list,domains.list,2026-09-30 09:04:06.361839+00:00,85a7e0cac0c379a8d12eeac3
adddn.adotsolution.com,AVAILABILITY,domains.list,domains.list,2026-09-30 09:04:06.650044+00:00,85a7e0cac0c379a8d12eeac3
adex.ednplus.com,AVAILABILITY,domains.list,domains.list,2026-09-30 09:04:08.551521+00:00,85a7e0cac0c379a8d12eeac3
adexpert.ad4989.co.kr,AVAILABILITY,domains.list,domains.list,2026-09-30 09:04:09.548694+00:00,85a7e0cac0c379a8d12eeac3
adf.acrosspf.com,AVAILABILITY,domains.list,domains.list,2026-09-30 09:04:10.517221+00:00,85a7e0cac0c379a8d12eeac3
adfork.co.kr,AVAILABILITY,domains.list,domains.list,2026-09-30 09:04:11.847686+00:00,85a7e0cac0c379a8d12eeac3
adget.co.kr,AVAILABILITY,domains.list,domains.list,2026-09-30 09:04:13.822405+00:00,85a7e0cac0c379a8d12eeac3
adgrp1.ad4989.co.kr,AVAILABILITY,domains.list,domains.list,2026-09-30 09:04:14.269133+00:00,85a7e0cac0c379a8d12eeac3
adimage.hankookilbo.com,AVAILABILITY,domains.list,domains.list,2026-09-30 09:04:14.775294+00:00,85a7e0cac0c379a8d12eeac3
adimg.nate.com,AVAILABILITY,domains.list,domains.list,2026-09-30 09:04:15.985715+00:00,85a7e0cac0c379a8d12eeac3
adimg.nateimg.co.kr,AVAILABILITY,domains.list,domains.list,2026-09-30 09:04:17.787014+00:00,85a7e0cac0c379a8d12eeac3
adimg.wisenut.co.kr,AVAILABILITY,domains.list,domains.list,2026-09-30 09:04:19.483232+00:00,85a7e0cac0c379a8d12eeac3
adinc.co.kr,AVAILABILITY,domains.list,domains.list,2026-09-30 09:04:20.351463+00:00,85a7e0cac0c379a8d12eeac3
adm.shinobi.jp,AVAILABILITY,domains.list,domains.list,2026-09-30 09:04:21.146682+00:00,85a7e0cac0c379a8d12eeac3
adn.inven.co.kr,AVAILABILITY,domains.list,domains.list,2026-09-30 09:04:42.790114+00:00,85a7e0cac0c379a8d12eeac3
adnetworkperformance.com,AVAILABILITY,domains.list,domains.list,2026-09-30 09:04:43.188300+00:00,85a7e0cac0c379a8d12eeac3
adnext.fr,AVAILABILITY,domains.list,domains.list,2026-09-30 09:04:43.456457+00:00,85a7e0cac0c379a8d12eeac3
adpick.co.kr,AVAILABILITY,domains.list,domains.list,2026-09-30 09:04:44.345682+00:00,85a7e0cac0c379a8d12eeac3
adraction.co.kr,AVAILABILITY,domains.list,domains.list,2026-09-30 09:04:45.012294+00:00,85a7e0cac0c379a8d12eeac3
adrequisitor-af.lp.uol.com.br,AVAILABILITY,domains.list,domains.list,2026-09-30 09:04:46.618810+00:00,85a7e0cac0c379a8d12eeac3
ads-by.yieldselect.com,AVAILABILITY,domains.list,domains.list,2026-09-30 09:05:06.796832+00:00,85a7e0cac0c379a8d12eeac3
ads-optima.com,AVAILABILITY,domains.list,domains.list,2026-09-30 09:05:07.938411+00:00,85a7e0cac0c379a8d12eeac3
ads-partners.coupang.com,AVAILABILITY,domains.list,domains.list,2026-09-30 09:05:09.239673+00:00,85a7e0cac0c379a8d12eeac3
ads.acrosspf.com,AVAILABILITY,domains.list,domains.list,2026-09-30 09:05:09.612455+00:00,85a7e0cac0c379a8d12eeac3
ads.adfork.kr,AVAILABILITY,domains.list,domains.list,2026-09-30 09:05:10.750626+00:00,85a7e0cac0c379a8d12eeac3
ads.admaru.com,AVAILABILITY,domains.list,domains.list,2026-09-30 09:05:11.293676+00:00,85a7e0cac0c379a8d12eeac3
ads.adthrive.com,AVAILABILITY,domains.list,domains.list,2026-09-30 09:05:11.618373+00:00,85a7e0cac0c379a8d12eeac3
ads.adverline.com,AVAILABILITY,domains.list,domains.list,2026-09-30 09:05:16.125583+00:00,85a7e0cac0c379a8d12eeac3
ads.as.criteo.com,AVAILABILITY,domains.list,domains.list,2026-09-30 09:05:17.602335+00:00,85a7e0cac0c379a8d12eeac3
ads.ayads.co,AVAILABILITY,domains.list,domains.list,2026-09-30 09:05:18.268842+00:00,85a7e0cac0c379a8d12eeac3
ads.blogherads.com,AVAILABILITY,domains.list,domains.list,2026-09-30 09:05:19.048212+00:00,85a7e0cac0c379a8d12eeac3
ads.daara.co.kr,AVAILABILITY,domains.list,domains.list,2026-09-30 09:05:22.119736+00:00,85a7e0cac0c379a8d12eeac3
ads.emetro.co.kr,AVAILABILITY,domains.list,domains.list,2026-09-30 09:05:43.181698+00:00,85a7e0cac0c379a8d12eeac3
ads.exdynsrv.com,AVAILABILITY,domains.list,domains.list,2026-09-30 09:05:43.967131+00:00,85a7e0cac0c379a8d12eeac3
ads.exoclick.com,AVAILABILITY,domains.list,domains.list,2026-09-30 09:05:44.472288+00:00,85a7e0cac0c379a8d12eeac3
ads.exosrv.com,AVAILABILITY,domains.list,domains.list,2026-09-30 09:05:44.795181+00:00,85a7e0cac0c379a8d12eeac3
ads.gamemeca.com,AVAILABILITY,domains.list,domains.list,2026-09-30 09:05:47.123343+00:00,85a7e0cac0c379a8d12eeac3
ads.mncmedia.co.kr,AVAILABILITY,domains.list,domains.list,2026-09-30 09:05:47.959989+00:00,85a7e0cac0c379a8d12eeac3
ads.mobitree.co.kr,AVAILABILITY,domains.list,domains.list,2026-09-30 09:05:50.197832+00:00,85a7e0cac0c379a8d12eeac3
ads.nicovideo.jp,AVAILABILITY,domains.list,domains.list,2026-09-30 09:05:50.766947+00:00,85a7e0cac0c379a8d12eeac3
ads.priel.co.kr,AVAILABILITY,domains.list,domains.list,2026-09-30 09:05:52.660422+00:00,85a7e0cac0c379a8d12eeac3
ads.pubmatic.com,AVAILABILITY,domains.list,domains.list,2026-09-30 09:05:52.910189+00:00,85a7e0cac0c379a8d12eeac3
ads.rubiconproject.com,AVAILABILITY,domains.list,domains.list,2026-09-30 09:05:53.146035+00:00,85a7e0cac0c379a8d12eeac3
ads.stickyadstv.com,AVAILABILITY,domains.list,domains.list,2026-09-30 09:06:13.322396+00:00,85a7e0cac0c379a8d12eeac3
ads.supplyframe.com,AVAILABILITY,domains.list,domains.list,2026-09-30 09:06:14.372799+00:00,85a7e0cac0c379a8d12eeac3
ads.tenping.kr,AVAILABILITY,domains.list,domains.list,2026-09-30 09:06:15.241517+00:00,85a7e0cac0c379a8d12eeac3
ads.theporndb.com,AVAILABILITY,domains.list,domains.list,2026-09-30 09:06:36.523887+00:00,85a7e0cac0c379a8d12eeac3
ads.yahoo.com,AVAILABILITY,domains.list,domains.list,2026-09-30 09:06:36.754766+00:00,85a7e0cac0c379a8d12eeac3
ads.z00.kr,AVAILABILITY,domains.list,domains.list,2026-09-30 09:06:37.709701+00:00,85a7e0cac0c379a8d12eeac3
ads2.contentabc.com,AVAILABILITY,domains.list,domains.list,2026-09-30 09:06:39.040102+00:00,85a7e0cac0c379a8d12eeac3
ads3.tenping.kr,AVAILABILITY,domains.list,domains.list,2026-09-30 09:06:43.038407+00:00,85a7e0cac0c379a8d12eeac3
adsearch.adkontekst.pl,AVAILABILITY,domains.list,domains.list,2026-09-30 09:06:45.043483+00:00,85a7e0cac0c379a8d12eeac3
adserve.postrelease.com,AVAILABILITY,domains.list,domains.list,2026-09-30 09:06:45.565869+00:00,85a7e0cac0c379a8d12eeac3
adserver.exoticads.com,AVAILABILITY,domains.list,domains.list,2026-09-30 09:06:46.156102+00:00,85a7e0cac0c379a8d12eeac3
adserver.joseilbo.com,AVAILABILITY,domains.list,domains.list,2026-09-30 09:06:46.764162+00:00,85a7e0cac0c379a8d12eeac3
adserver.juicyads.com,AVAILABILITY,domains.list,domains.list,2026-09-30 09:06:47.208062+00:00,85a7e0cac0c379a8d12eeac3
adserver.viewgames.co.kr,AVAILABILITY,domains.list,domains.list,2026-09-30 09:07:08.094764+00:00,85a7e0cac0c379a8d12eeac3
adspaces.ero-advertising.com,AVAILABILITY,domains.list,domains.list,2026-09-30 09:07:08.481577+00:00,85a7e0cac0c379a8d12eeac3
adstract.adk2x.com,AVAILABILITY,domains.list,domains.list,2026-09-30 09:07:09.282957+00:00,85a7e0cac0c379a8d12eeac3
adsvc2.wisenut.co.kr,AVAILABILITY,domains.list,domains.list,2026-09-30 09:07:11.095248+00:00,85a7e0cac0c379a8d12eeac3
adtag.cc,AVAILABILITY,domains.list,domains.list,2026-09-30 09:07:11.248536+00:00,85a7e0cac0c379a8d12eeac3
adtg.widerplanet.com,AVAILABILITY,domains.list,domains.list,2026-09-30 09:07:11.706772+00:00,85a7e0cac0c379a8d12eeac3
adv.dailyissue.co.kr,AVAILABILITY,domains.list,domains.list,2026-09-30 09:07:12.709810+00:00,85a7e0cac0c379a8d12eeac3
adv.imadrep.co.kr,AVAILABILITY,domains.list,domains.list,2026-09-30 09:07:14.592265+00:00,85a7e0cac0c379a8d12eeac3
adv.khan.co.kr,AVAILABILITY,domains.list,domains.list,2026-09-30 09:07:17.496863+00:00,85a7e0cac0c379a8d12eeac3
adver.clickmon.co.kr,AVAILABILITY,domains.list,domains.list,2026-09-30 09:07:18.770275+00:00,85a7e0cac0c379a8d12eeac3
advert.livesportmedia.eu,AVAILABILITY,domains.list,domains.list,2026-09-30 09:07:20.076758+00:00,85a7e0cac0c379a8d12eeac3
adverweb.cjenm.com,AVAILABILITY,domains.list,domains.list,2026-09-30 09:07:40.689948+00:00,85a7e0cac0c379a8d12eeac3
advimg.ad-mapps.com,AVAILABILITY,domains.list,domains.list,2026-09-30 09:07:44.065751+00:00,85a7e0cac0c379a8d12eeac3
adx-exchange.toast.com,AVAILABILITY,domains.list,domains.list,2026-09-30 09:07:45.811232+00:00,85a7e0cac0c379a8d12eeac3
adx.adform.net,AVAILABILITY,domains.list,domains.list,2026-09-30 09:07:46.292211+00:00,85a7e0cac0c379a8d12eeac3
adx.mocoplex.com,AVAILABILITY,domains.list,domains.list,2026-09-30 09:07:46.813085+00:00,85a7e0cac0c379a8d12eeac3
adx.naonmedia.net,AVAILABILITY,domains.list,domains.list,2026-09-30 09:07:47.413051+00:00,85a7e0cac0c379a8d12eeac3
am15.net,AVAILABILITY,domains.list,domains.list,2026-09-30 09:08:08.077411+00:00,85a7e0cac0c379a8d12eeac3
amazon-adsystem.com,AVAILABILITY,domains.list,domains.list,2026-09-30 09:08:28.256427+00:00,85a7e0cac0c379a8d12eeac3
amgs5.com,AVAILABILITY,domains.list,domains.list,2026-09-30 09:08:28.541574+00:00,85a7e0cac0c379a8d12eeac3
an.yandex.ru,AVAILABILITY,domains.list,domains.list,2026-09-30 09:08:29.446123+00:00,85a7e0cac0c379a8d12eeac3
aos-creative.prf.hn,AVAILABILITY,domains.list,domains.list,2026-09-30 09:08:29.904814+00:00,85a7e0cac0c379a8d12eeac3
ap.lijit.com,AVAILABILITY,domains.list,domains.list,2026-09-30 09:08:30.178864+00:00,85a7e0cac0c379a8d12eeac3
ap.tnkfactory.com,AVAILABILITY,domains.list,domains.list,2026-09-30 09:08:31.752639+00:00,85a7e0cac0c379a8d12eeac3
apex.go.sonobi.com,AVAILABILITY,domains.list,domains.list,2026-09-30 09:08:32.013287+00:00,85a7e0cac0c379a8d12eeac3
api.adiostech.com,AVAILABILITY,domains.list,domains.list,2026-09-30 09:08:33.075929+00:00,85a7e0cac0c379a8d12eeac3
api.adjoin.co.kr,AVAILABILITY,domains.list,domains.list,2026-09-30 09:08:34.577863+00:00,85a7e0cac0c379a8d12eeac3
api.aedi.ai,AVAILABILITY,domains.list,domains.list,2026-09-30 09:08:35.607407+00:00,85a7e0cac0c379a8d12eeac3
api.linkmine.co.kr,AVAILABILITY,domains.list,domains.list,2026-09-30 09:08:37.279461+00:00,85a7e0cac0c379a8d12eeac3
api.ootoo.co.kr,AVAILABILITY,domains.list,domains.list,2026-09-30 09:08:38.147279+00:00,85a7e0cac0c379a8d12eeac3
api.screensharp.kr,AVAILABILITY,domains.list,domains.list,2026-09-30 09:08:39.668689+00:00,85a7e0cac0c379a8d12eeac3
apis.aedi.ai,AVAILABILITY,domains.list,domains.list,2026-09-30 09:08:40.404570+00:00,85a7e0cac0c379a8d12eeac3
apis.piclick.me,AVAILABILITY,domains.list,domains.list,2026-09-30 09:08:41.274209+00:00,85a7e0cac0c379a8d12eeac3
applog.ssgdfs.com,AVAILABILITY,domains.list,domains.list,2026-09-30 09:08:41.963242+00:00,85a7e0cac0c379a8d12eeac3
as.dc.impact-ad.jp,AVAILABILITY,domains.list,domains.list,2026-09-30 09:09:02.148817+00:00,85a7e0cac0c379a8d12eeac3
assets.datarize.ai,AVAILABILITY,domains.list,domains.list,2026-09-30 09:09:03.331700+00:00,85a7e0cac0c379a8d12eeac3
assoc-amazon.com,AVAILABILITY,domains.list,domains.list,2026-09-30 09:09:23.554678+00:00,85a7e0cac0c379a8d12eeac3
async01.admantx.com,AVAILABILITY,domains.list,domains.list,2026-09-30 09:09:23.834687+00:00,85a7e0cac0c379a8d12eeac3
ats.auction.co.kr,AVAILABILITY,domains.list,domains.list,2026-09-30 09:09:24.497987+00:00,85a7e0cac0c379a8d12eeac3
authanalysis.com,AVAILABILITY,domains.list,domains.list,2026-09-30 09:09:24.924982+00:00,85a7e0cac0c379a8d12eeac3
b.bestcontentitem.top,AVAILABILITY,domains.list,domains.list,2026-09-30 09:09:25.792212+00:00,85a7e0cac0c379a8d12eeac3
bayabar.com,AVAILABILITY,domains.list,domains.list,2026-09-30 09:09:26.904133+00:00,85a7e0cac0c379a8d12eeac3
bdv.bidvertiser.com,AVAILABILITY,domains.list,domains.list,2026-09-30 09:09:27.522539+00:00,85a7e0cac0c379a8d12eeac3
bizon.kr,AVAILABILITY,domains.list,domains.list,2026-09-30 09:09:28.572535+00:00,85a7e0cac0c379a8d12eeac3
blockadsnot.com,AVAILABILITY,domains.list,domains.list,2026-09-30 09:09:28.793166+00:00,85a7e0cac0c379a8d12eeac3
bnhtml.com,AVAILABILITY,domains.list,domains.list,2026-09-30 09:09:29.550521+00:00,85a7e0cac0c379a8d12eeac3
brightadnetwork.com,AVAILABILITY,domains.list,domains.list,2026-09-30 09:09:29.848445+00:00,85a7e0cac0c379a8d12eeac3
bullseye.backbeatmedia.com,AVAILABILITY,domains.list,domains.list,2026-09-30 09:09:30.305343+00:00,85a7e0cac0c379a8d12eeac3
c.adsco.re,AVAILABILITY,domains.list,domains.list,2026-09-30 09:09:30.599809+00:00,85a7e0cac0c379a8d12eeac3
c.amazon-adsystem.com,AVAILABILITY,domains.list,domains.list,2026-09-30 09:09:31.124376+00:00,85a7e0cac0c379a8d12eeac3
c.betrad.com,AVAILABILITY,domains.list,domains.list,2026-09-30 09:09:31.628288+00:00,85a7e0cac0c379a8d12eeac3
c0.pubmine.com,AVAILABILITY,domains.list,domains.list,2026-09-30 09:09:31.882802+00:00,85a7e0cac0c379a8d12eeac3
c1.popads.net,AVAILABILITY,domains.list,domains.list,2026-09-30 09:09:32.482833+00:00,85a7e0cac0c379a8d12eeac3
ca-api.cafe24data.com,AVAILABILITY,domains.list,domains.list,2026-09-30 09:09:33.434031+00:00,85a7e0cac0c379a8d12eeac3
cad.donga.com,AVAILABILITY,domains.list,domains.list,2026-09-30 09:09:35.041667+00:00,85a7e0cac0c379a8d12eeac3
candyjelly.com,AVAILABILITY,domains.list,domains.list,2026-09-30 09:09:36.167053+00:00,85a7e0cac0c379a8d12eeac3
cas.criteo.com,AVAILABILITY,domains.list,domains.list,2026-09-30 09:09:37.418045+00:00,85a7e0cac0c379a8d12eeac3
cast.imp.joins.com,AVAILABILITY,domains.list,domains.list,2026-09-30 09:09:38.064811+00:00,85a7e0cac0c379a8d12eeac3
cdn-aitg.widerplanet.com,AVAILABILITY,domains.list,domains.list,2026-09-30 09:09:38.623543+00:00,85a7e0cac0c379a8d12eeac3
cdn-exchange.toastoven.net,AVAILABILITY,domains.list,domains.list,2026-09-30 09:09:43.822522+00:00,85a7e0cac0c379a8d12eeac3
cdn-fluct.sh.adingo.jp,AVAILABILITY,domains.list,domains.list,2026-09-30 09:09:44.082364+00:00,85a7e0cac0c379a8d12eeac3
cdn-gl.imrworldwide.com,AVAILABILITY,domains.list,domains.list,2026-09-30 09:09:44.510775+00:00,85a7e0cac0c379a8d12eeac3
cdn-sic.33across.com,AVAILABILITY,domains.list,domains.list,2026-09-30 09:09:44.894918+00:00,85a7e0cac0c379a8d12eeac3
cdn.adgtw.orangeads.fr,AVAILABILITY,domains.list,domains.list,2026-09-30 09:09:50.823277+00:00,85a7e0cac0c379a8d12eeac3
cdn.admixer.net,AVAILABILITY,domains.list,domains.list,2026-09-30 09:09:51.898921+00:00,85a7e0cac0c379a8d12eeac3
cdn.adpushup.com,AVAILABILITY,domains.list,domains.list,2026-09-30 09:09:52.299504+00:00,85a7e0cac0c379a8d12eeac3
cdn.adrtx.net,AVAILABILITY,domains.list,domains.list,2026-09-30 09:09:52.793467+00:00,85a7e0cac0c379a8d12eeac3
cdn.adsafeprotected.com,AVAILABILITY,domains.list,domains.list,2026-09-30 09:09:53.244473+00:00,85a7e0cac0c379a8d12eeac3
cdn.adshub.kr,AVAILABILITY,domains.list,domains.list,2026-09-30 09:09:54.427593+00:00,85a7e0cac0c379a8d12eeac3
cdn.adsolutions.nl,AVAILABILITY,domains.list,domains.list,2026-09-30 09:10:43.671095+00:00,85a7e0cac0c379a8d12eeac3
cdn.adtive.com,AVAILABILITY,domains.list,domains.list,2026-09-30 09:10:43.928999+00:00,85a7e0cac0c379a8d12eeac3
cdn.adtrue.com,AVAILABILITY,domains.list,domains.list,2026-09-30 09:10:44.858565+00:00,85a7e0cac0c379a8d12eeac3
cdn.blueconic.net,AVAILABILITY,domains.list,domains.list,2026-09-30 09:10:45.433448+00:00,85a7e0cac0c379a8d12eeac3
cdn.bridgelabs.kr,AVAILABILITY,domains.list,domains.list,2026-09-30 09:10:48.690069+00:00,85a7e0cac0c379a8d12eeac3
cdn.caprofitx.com,AVAILABILITY,domains.list,domains.list,2026-09-30 09:10:48.900184+00:00,85a7e0cac0c379a8d12eeac3
cdn.carbonads.com,AVAILABILITY,domains.list,domains.list,2026-09-30 09:10:49.501327+00:00,85a7e0cac0c379a8d12eeac3
cdn.doyouad.com,AVAILABILITY,domains.list,domains.list,2026-09-30 09:10:49.900791+00:00,85a7e0cac0c379a8d12eeac3
cdn.engine.spotscenered.info,AVAILABILITY,domains.list,domains.list,2026-09-30 09:10:50.498750+00:00,85a7e0cac0c379a8d12eeac3
cdn.exoticads.com,AVAILABILITY,domains.list,domains.list,2026-09-30 09:10:50.795494+00:00,85a7e0cac0c379a8d12eeac3
cdn.gmossp-sp.jp,AVAILABILITY,domains.list,domains.list,2026-09-30 09:10:51.452578+00:00,85a7e0cac0c379a8d12eeac3
cdn.interworksmedia.co.kr,AVAILABILITY,domains.list,domains.list,2026-09-30 09:10:53.186512+00:00,85a7e0cac0c379a8d12eeac3
cdn.itskiddoan.club,AVAILABILITY,domains.list,domains.list,2026-09-30 09:10:54.256280+00:00,85a7e0cac0c379a8d12eeac3
cdn.megadata.co.kr,AVAILABILITY,domains.list,domains.list,2026-09-30 09:10:57.404247+00:00,85a7e0cac0c379a8d12eeac3
cdn.nhnace.com,AVAILABILITY,domains.list,domains.list,2026-09-30 09:11:01.719268+00:00,85a7e0cac0c379a8d12eeac3
cdn.optmd.com,AVAILABILITY,domains.list,domains.list,2026-09-30 09:11:02.148459+00:00,85a7e0cac0c379a8d12eeac3
cdn.popmyads.com,AVAILABILITY,domains.list,domains.list,2026-09-30 09:11:02.839642+00:00,85a7e0cac0c379a8d12eeac3
cdn.smlog.co.kr,AVAILABILITY,domains.list,domains.list,2026-09-30 09:11:04.984309+00:00,85a7e0cac0c379a8d12eeac3
cdn.stickyadstv.com,AVAILABILITY,domains.list,domains.list,2026-09-30 09:11:25.841117+00:00,85a7e0cac0c379a8d12eeac3
cdn.teads.tv,AVAILABILITY,domains.list,domains.list,2026-09-30 09:11:26.995275+00:00,85a7e0cac0c379a8d12eeac3
cdn.tsyndicate.com,AVAILABILITY,domains.list,domains.list,2026-09-30 09:11:27.511667+00:00,85a7e0cac0c379a8d12eeac3
cdn1.smartadserver.com,AVAILABILITY,domains.list,domains.list,2026-09-30 09:11:28.742656+00:00,85a7e0cac0c379a8d12eeac3
clevernt.com,AVAILABILITY,domains.list,domains.list,2026-09-30 09:11:29.256291+00:00,85a7e0cac0c379a8d12eeac3
click.linkadx.com,AVAILABILITY,domains.list,domains.list,2026-09-30 09:11:30.680900+00:00,85a7e0cac0c379a8d12eeac3
clickstream.cresendo.net,AVAILABILITY,domains.list,domains.list,2026-09-30 09:11:30.909144+00:00,85a7e0cac0c379a8d12eeac3
clkads.com,AVAILABILITY,domains.list,domains.list,2026-09-30 09:11:32.142946+00:00,85a7e0cac0c379a8d12eeac3
clksite.com,AVAILABILITY,domains.list,domains.list,2026-09-30 09:11:32.458083+00:00,85a7e0cac0c379a8d12eeac3
cm.interworksmedia.co.kr,AVAILABILITY,domains.list,domains.list,2026-09-30 09:11:53.573123+00:00,85a7e0cac0c379a8d12eeac3
cm.keywordsconnect.com,AVAILABILITY,domains.list,domains.list,2026-09-30 09:11:54.669912+00:00,85a7e0cac0c379a8d12eeac3
coin-hive.com,AVAILABILITY,domains.list,domains.list,2026-09-30 09:11:55.430907+00:00,85a7e0cac0c379a8d12eeac3
coinhive.com,AVAILABILITY,domains.list,domains.list,2026-09-30 09:11:55.758780+00:00,85a7e0cac0c379a8d12eeac3
collector-statistics.nhn-commerce.com,AVAILABILITY,domains.list,domains.list,2026-09-30 09:11:57.277614+00:00,85a7e0cac0c379a8d12eeac3
compass.adop.cc,AVAILABILITY,domains.list,domains.list,2026-09-30 09:11:58.301351+00:00,85a7e0cac0c379a8d12eeac3
config.ad-brix.com,AVAILABILITY,domains.list,domains.list,2026-09-30 09:11:59.292041+00:00,85a7e0cac0c379a8d12eeac3
contextual.media.net,AVAILABILITY,domains.list,domains.list,2026-09-30 09:11:59.755301+00:00,85a7e0cac0c379a8d12eeac3
cp.edl.co.kr,AVAILABILITY,domains.list,domains.list,2026-09-30 09:12:01.321239+00:00,85a7e0cac0c379a8d12eeac3
cperformmedia-a.akamaihd.net,AVAILABILITY,domains.list,domains.list,2026-09-30 09:12:01.916537+00:00,85a7e0cac0c379a8d12eeac3
cr.acecounter.com,AVAILABILITY,domains.list,domains.list,2026-09-30 09:12:03.780288+00:00,85a7e0cac0c379a8d12eeac3
creative.wwwpromoter.com,AVAILABILITY,domains.list,domains.list,2026-09-30 09:12:04.354693+00:00,85a7e0cac0c379a8d12eeac3
cs.gssprt.jp,AVAILABILITY,domains.list,domains.list,2026-09-30 09:12:05.718225+00:00,85a7e0cac0c379a8d12eeac3
cst.cstwpush.com,AVAILABILITY,domains.list,domains.list,2026-09-30 09:12:06.303734+00:00,85a7e0cac0c379a8d12eeac3
cst.wpu.sh,AVAILABILITY,domains.list,domains.list,2026-09-30 09:12:07.001375+00:00,85a7e0cac0c379a8d12eeac3
cuterbond.com,AVAILABILITY,domains.list,domains.list,2026-09-30 09:12:07.732552+00:00,85a7e0cac0c379a8d12eeac3
cwdata.itsearch.co.kr,AVAILABILITY,domains.list,domains.list,2026-09-30 09:12:09.830082+00:00,85a7e0cac0c379a8d12eeac3
cyad1.nate.com,AVAILABILITY,domains.list,domains.list,2026-09-30 09:12:12.169190+00:00,85a7e0cac0c379a8d12eeac3
d.adroll.com,AVAILABILITY,domains.list,domains.list,2026-09-30 09:12:12.398449+00:00,85a7e0cac0c379a8d12eeac3
d.pixiv.org,AVAILABILITY,domains.list,domains.list,2026-09-30 09:12:12.936169+00:00,85a7e0cac0c379a8d12eeac3
d1jikhx1ssl81z.cloudfront.net,AVAILABILITY,domains.list,domains.list,2026-09-30 09:12:13.297823+00:00,85a7e0cac0c379a8d12eeac3
d1yt8zt4633tzi.cloudfront.net,AVAILABILITY,domains.list,domains.list,2026-09-30 09:12:13.644296+00:00,85a7e0cac0c379a8d12eeac3
d22sfab2t5o9bq.cloudfront.net,AVAILABILITY,domains.list,domains.list,2026-09-30 09:12:13.976334+00:00,85a7e0cac0c379a8d12eeac3
d3oep4gb91kpuv.cloudfront.net,AVAILABILITY,domains.list,domains.list,2026-09-30 09:12:14.395663+00:00,85a7e0cac0c379a8d12eeac3
d3u5zn5k9864p0.cloudfront.net,AVAILABILITY,domains.list,domains.list,2026-09-30 09:12:14.747078+00:00,85a7e0cac0c379a8d12eeac3
d3v3bqdndm4erx.cloudfront.net,AVAILABILITY,domains.list,domains.list,2026-09-30 09:12:15.038743+00:00,85a7e0cac0c379a8d12eeac3
dadispapi.gmarket.co.kr,AVAILABILITY,domains.list,domains.list,2026-09-30 09:12:15.482150+00:00,85a7e0cac0c379a8d12eeac3
data-beacons.s-onetag.com,AVAILABILITY,domains.list,domains.list,2026-09-30 09:12:16.358068+00:00,85a7e0cac0c379a8d12eeac3
data-logdelivery.wconcept.co.kr,AVAILABILITY,domains.list,domains.list,2026-09-30 09:12:36.986620+00:00,85a7e0cac0c379a8d12eeac3
dcd.adotsolution.com,AVAILABILITY,domains.list,domains.list,2026-09-30 09:12:37.550319+00:00,85a7e0cac0c379a8d12eeac3
delivery.amessagewithabottle.com,AVAILABILITY,domains.list,domains.list,2026-09-30 09:12:37.994918+00:00,85a7e0cac0c379a8d12eeac3
delivery.pryzmads.com,AVAILABILITY,domains.list,domains.list,2026-09-30 09:12:39.398525+00:00,85a7e0cac0c379a8d12eeac3
deliverys.n2s.co.kr,AVAILABILITY,domains.list,domains.list,2026-09-30 09:12:43.663136+00:00,85a7e0cac0c379a8d12eeac3
deloton.com,AVAILABILITY,domains.list,domains.list,2026-09-30 09:12:45.405423+00:00,85a7e0cac0c379a8d12eeac3
dezf3o8j9jdt6.cloudfront.net,AVAILABILITY,domains.list,domains.list,2026-09-30 09:12:46.384972+00:00,85a7e0cac0c379a8d12eeac3
dianomi.com,AVAILABILITY,domains.list,domains.list,2026-09-30 09:12:46.790616+00:00,85a7e0cac0c379a8d12eeac3
dis.site3.co.kr,AVAILABILITY,domains.list,domains.list,2026-09-30 09:13:08.455634+00:00,85a7e0cac0c379a8d12eeac3
display.ad.daum.net,AVAILABILITY,domains.list,domains.list,2026-09-30 09:13:10.174942+00:00,85a7e0cac0c379a8d12eeac3
displayad.zum.com,AVAILABILITY,domains.list,domains.list,2026-09-30 09:13:30.690360+00:00,85a7e0cac0c379a8d12eeac3
disqusads.com,AVAILABILITY,domains.list,domains.list,2026-09-30 09:13:31.042440+00:00,85a7e0cac0c379a8d12eeac3
dotcomconsultancy.advertserve.com,AVAILABILITY,domains.list,domains.list,2026-09-30 09:13:32.389144+00:00,85a7e0cac0c379a8d12eeac3
dreamsearch.or.kr,AVAILABILITY,domains.list,domains.list,2026-09-30 09:13:34.069730+00:00,85a7e0cac0c379a8d12eeac3
dsp.dmcmedia.co.kr,AVAILABILITY,domains.list,domains.list,2026-09-30 09:13:35.844244+00:00,85a7e0cac0c379a8d12eeac3
dsp.xapads.com,AVAILABILITY,domains.list,domains.list,2026-09-30 09:13:36.572855+00:00,85a7e0cac0c379a8d12eeac3
dspserver.adpnut.com,AVAILABILITY,domains.list,domains.list,2026-09-30 09:13:38.230396+00:00,85a7e0cac0c379a8d12eeac3
dtr-onsite-feed.datarize.ai,AVAILABILITY,domains.list,domains.list,2026-09-30 09:13:39.624680+00:00,85a7e0cac0c379a8d12eeac3
ecdn.firstimpression.io,AVAILABILITY,domains.list,domains.list,2026-09-30 09:13:41.073440+00:00,85a7e0cac0c379a8d12eeac3
engine.adzerk.net,AVAILABILITY,domains.list,domains.list,2026-09-30 09:13:41.979822+00:00,85a7e0cac0c379a8d12eeac3
eto.co.kr,AVAILABILITY,domains.list,domains.list,2026-09-30 09:14:02.458759+00:00,85a7e0cac0c379a8d12eeac3
ext.apbox.nbp-corp.com,AVAILABILITY,domains.list,domains.list,2026-09-30 09:14:23.319630+00:00,85a7e0cac0c379a8d12eeac3
