idna_subject,checker_type,destination,tested_at
adixs.net,AVAILABILITY,domains.list,2026-09-28 09:27:28.217291+00:00
adimg1.adinc.co.kr,AVAILABILITY,domains.list,2026-09-28 09:27:31.212926+00:00
a870.casalemedia.com,AVAILABILITY,domains.list,2026-09-28 09:27:31.363851+00:00
ad.idnad.co.kr,AVAILABILITY,domains.list,2026-09-28 09:27:33.482970+00:00
adixs-ad.co.kr,AVAILABILITY,domains.list,2026-09-28 09:27:35.389541+00:00
adimg.kstarplay.tv,AVAILABILITY,domains.list,2026-09-28 09:27:35.540524+00:00
adn.adneo.co.kr,AVAILABILITY,domains.list,2026-09-28 09:27:37.116813+00:00
adn.nsmartad.com,AVAILABILITY,domains.list,2026-09-28 09:27:39.954032+00:00
adpingpong2.co.kr,AVAILABILITY,domains.list,2026-09-28 09:27:41.252030+00:00
adneo.encock.com,AVAILABILITY,domains.list,2026-09-28 09:27:41.420186+00:00
adpingpong1.co.kr,AVAILABILITY,domains.list,2026-09-28 09:27:42.828006+00:00
aka-cdn-ns.adtechus.com,AVAILABILITY,domains.list,2026-09-28 09:27:43.422820+00:00
aka-cdn.adtechus.com,AVAILABILITY,domains.list,2026-09-28 09:27:43.641242+00:00
at.atwola.com,AVAILABILITY,domains.list,2026-09-28 09:27:44.287016+00:00
yfetyg.com,AVAILABILITY,domains.list,2026-09-28 09:27:44.471520+00:00
s.atemda.com,AVAILABILITY,domains.list,2026-09-28 09:27:52.256113+00:00
ad.yieldmanager.com,AVAILABILITY,domains.list,2026-09-28 09:28:06.857887+00:00
cdn.connatix.com,AVAILABILITY,domains.list,2026-09-28 09:28:07.193509+00:00
sndkorea.nowcdn.co.kr,AVAILABILITY,domains.list,2026-09-28 09:28:18.067514+00:00
tracker.nodojs.nl,AVAILABILITY,domains.list,2026-09-28 09:28:18.226598+00:00
adpingpong.co.kr,AVAILABILITY,domains.list,2026-09-28 09:28:19.886075+00:00
ads1.playforum.net,AVAILABILITY,domains.list,2026-09-28 09:28:21.254697+00:00
adr.realclick.co.kr,AVAILABILITY,domains.list,2026-09-28 09:28:34.734409+00:00
ads3.adinc.co.kr,AVAILABILITY,domains.list,2026-09-28 09:28:36.022242+00:00
ads.ad7942.co.kr,AVAILABILITY,domains.list,2026-09-28 09:28:37.592136+00:00
ads.adjust-net.jp,AVAILABILITY,domains.list,2026-09-28 09:28:38.211391+00:00
b.a2gw.com,AVAILABILITY,domains.list,2026-09-28 09:28:38.567222+00:00
plugin.adplex.co.kr,AVAILABILITY,domains.list,2026-09-28 09:28:40.039720+00:00
ad.touchwise.co.kr,AVAILABILITY,domains.list,2026-09-28 09:28:43.203220+00:00
web-sdk.shallweadcorp.com,AVAILABILITY,domains.list,2026-09-28 09:28:43.398568+00:00
mrelko.com,AVAILABILITY,domains.list,2026-09-28 09:28:43.582745+00:00
go.oclasrv.com,AVAILABILITY,domains.list,2026-09-28 09:28:57.618725+00:00
realdsp.realclick.co.kr,AVAILABILITY,domains.list,2026-09-28 09:29:10.140484+00:00
ssp.realclick.co.kr,AVAILABILITY,domains.list,2026-09-28 09:29:25.011476+00:00
finead.o00.kr,AVAILABILITY,domains.list,2026-09-29 09:14:07.717514+00:00
cdn.adsolutions.nl,AVAILABILITY,domains.list,2026-09-30 09:10:43.671095+00:00
onshowit.com,AVAILABILITY,domains.list,2026-09-30 09:24:45.472336+00:00
jsc.marketgid.com,AVAILABILITY,domains.list,2026-09-30 09:24:45.734166+00:00
s.dolphincdn.xyz,AVAILABILITY,domains.list,2026-09-30 09:24:45.935895+00:00
brightonclick.com,AVAILABILITY,domains.list,2026-09-30 09:24:46.230925+00:00
a.t.webtracker.jp,AVAILABILITY,domains.list,2026-09-30 09:24:59.954905+00:00
ads.realclick.co.kr,AVAILABILITY,domains.list,2026-09-30 09:25:12.405653+00:00
ads.mangouni.com,AVAILABILITY,domains.list,2026-09-30 09:25:12.663739+00:00
adserver.uniqube.tv,AVAILABILITY,domains.list,2026-09-30 09:25:12.967146+00:00
a1.dp25.kr,AVAILABILITY,domains.list,2026-09-30 09:25:14.121220+00:00
las.danawa.com,AVAILABILITY,domains.list,2026-09-30 09:25:15.778329+00:00
ad.mediafarm.co.kr,AVAILABILITY,domains.list,2026-09-30 09:25:16.475058+00:00
ad.naver.com,AVAILABILITY,domains.list,2026-09-30 09:25:17.378234+00:00
cpv.ad.naver.com,AVAILABILITY,domains.list,2026-09-30 09:25:18.346838+00:00
mv.ad.naver.com,AVAILABILITY,domains.list,2026-09-30 09:25:19.319545+00:00
nv.veta.naver.com,AVAILABILITY,domains.list,2026-09-30 09:25:20.246239+00:00
veta.naver.com,AVAILABILITY,domains.list,2026-09-30 09:25:21.157750+00:00
secure-ads.pictela.net,AVAILABILITY,domains.list,2026-09-30 09:25:21.756773+00:00
ad.altervista.org,AVAILABILITY,domains.list,2026-09-30 09:25:23.407607+00:00
z.moatads.com,AVAILABILITY,domains.list,2026-09-30 09:25:23.796670+00:00
adw.heraldm.com,AVAILABILITY,domains.list,2026-09-30 09:25:25.391283+00:00
cadvv.heraldm.com,AVAILABILITY,domains.list,2026-09-30 09:25:25.963541+00:00
adf.send.microad.jp,AVAILABILITY,domains.list,2026-09-30 09:25:26.584826+00:00
vsc.send.microad.jp,AVAILABILITY,domains.list,2026-09-30 09:25:27.078285+00:00
adserver.adtechus.com,AVAILABILITY,domains.list,2026-09-30 09:25:27.572616+00:00
np-adkpf.newscloud.or.kr,AVAILABILITY,domains.list,2026-09-30 09:25:28.060644+00:00
api.adns.contentlink.co.kr,AVAILABILITY,domains.list,2026-09-30 09:25:29.613017+00:00
api.ficm.contentlink.co.kr,AVAILABILITY,domains.list,2026-09-30 09:25:30.622987+00:00
adsrv.kstarplay.tv,AVAILABILITY,domains.list,2026-09-30 09:25:30.943846+00:00
adtag.asiaone.com,AVAILABILITY,domains.list,2026-09-30 09:25:31.610522+00:00
adv.mediakeep.co.kr,AVAILABILITY,domains.list,2026-09-30 09:25:32.898286+00:00
adv.segye.com,AVAILABILITY,domains.list,2026-09-30 09:25:33.150271+00:00
adv.realclick.co.kr,AVAILABILITY,domains.list,2026-09-30 09:25:45.436029+00:00
agate.opap.co.kr,AVAILABILITY,domains.list,2026-09-30 09:25:46.591004+00:00
amsv2.daum.net,AVAILABILITY,domains.list,2026-09-30 09:25:47.606046+00:00
ak-gb.marketgid.com,AVAILABILITY,domains.list,2026-09-30 09:25:47.862347+00:00
api.wiseclick.co.kr,AVAILABILITY,domains.list,2026-09-30 09:25:49.215371+00:00
ax-d.pixfuture.net,AVAILABILITY,domains.list,2026-09-30 09:25:49.441521+00:00
cdn03.sndkorea.co.kr,AVAILABILITY,domains.list,2026-09-30 09:25:50.941807+00:00
a2.acrosspf.com,AVAILABILITY,domains.list,2026-09-30 09:25:51.236163+00:00
care-health.co.kr,AVAILABILITY,domains.list,2026-09-30 09:25:54.170250+00:00
candy.ad9.kr,AVAILABILITY,domains.list,2026-09-30 09:25:54.773031+00:00
cdn.kixer.com,AVAILABILITY,domains.list,2026-09-30 09:25:55.011850+00:00
cdn04.sndkorea.co.kr,AVAILABILITY,domains.list,2026-09-30 09:25:55.999546+00:00
ad.xc.nis.nitmus.com,AVAILABILITY,domains.list,2026-09-30 09:25:56.286107+00:00
cjmooter.xcache.kinxcdn.com,AVAILABILITY,domains.list,2026-09-30 09:25:58.044828+00:00
celeb.nann.co.kr,AVAILABILITY,domains.list,2026-09-30 09:25:59.057745+00:00
click.realclick.co.kr,AVAILABILITY,domains.list,2026-09-30 09:26:11.883280+00:00
cm1.icontact.kr,AVAILABILITY,domains.list,2026-09-30 09:26:14.054250+00:00
d1swklt9res5jr.cloudfront.net,AVAILABILITY,domains.list,2026-09-30 09:26:14.431889+00:00
adserver.genesismediaus.com,AVAILABILITY,domains.list,2026-09-30 09:26:14.726288+00:00
ex.mdtoday.co.kr,AVAILABILITY,domains.list,2026-09-30 09:26:16.451873+00:00
jsn.dt00.net,AVAILABILITY,domains.list,2026-09-30 09:26:16.685766+00:00
cwdata.itplay.co.kr,AVAILABILITY,domains.list,2026-09-30 09:26:18.139583+00:00
d.a1comm.co.kr,AVAILABILITY,domains.list,2026-09-30 09:26:19.363916+00:00
d269y12mnftu9c.cloudfront.net,AVAILABILITY,domains.list,2026-09-30 09:26:19.648488+00:00
dev.ezadsystem.com,AVAILABILITY,domains.list,2026-09-30 09:26:19.932606+00:00
get.keywordsconnect.com,AVAILABILITY,domains.list,2026-09-30 09:26:21.438072+00:00
servicer.marketgid.com,AVAILABILITY,domains.list,2026-09-30 09:26:21.652047+00:00
wonderhsjnsd.com,AVAILABILITY,domains.list,2026-09-30 09:26:21.882108+00:00
ad.mrab.co.kr,AVAILABILITY,domains.list,2026-09-30 09:26:22.865291+00:00
d2v02itv0y9u9t.cloudfront.net,AVAILABILITY,domains.list,2026-09-30 09:26:23.167507+00:00
jslog.coupang.com,AVAILABILITY,domains.list,2026-09-30 09:26:23.412445+00:00
delivery.c.switchadhub.com,AVAILABILITY,domains.list,2026-09-30 09:26:25.175852+00:00
go.onclasrv.com,AVAILABILITY,domains.list,2026-09-30 09:26:25.428527+00:00
adapi.inlcorp.com,AVAILABILITY,domains.list,2026-09-30 09:26:26.526732+00:00
nvapi.feeldmc.com,AVAILABILITY,domains.list,2026-09-30 09:26:27.826907+00:00
ebdr3.com,AVAILABILITY,domains.list,2026-09-30 09:26:28.068396+00:00
ad.bidrich.com,AVAILABILITY,domains.list,2026-09-30 09:26:28.352410+00:00
feed.4wnet.com,AVAILABILITY,domains.list,2026-09-30 09:26:40.434984+00:00
ad.adenc.co.kr,AVAILABILITY,domains.list,2026-09-30 09:26:42.772271+00:00
ad1.adenc.co.kr,AVAILABILITY,domains.list,2026-09-30 09:26:45.310320+00:00
d.adand.co.kr,AVAILABILITY,domains.list,2026-09-30 09:26:46.351056+00:00
get2.keywordsconnect.com,AVAILABILITY,domains.list,2026-09-30 09:26:47.514688+00:00
cdn4.wibbitz.com,AVAILABILITY,domains.list,2026-09-30 09:26:48.169325+00:00
sv.govkorea24.com,AVAILABILITY,domains.list,2026-09-30 09:26:48.436800+00:00
s.pubmine.com,AVAILABILITY,domains.list,2026-09-30 09:26:48.736111+00:00
a4p.adpartner.pro,AVAILABILITY,domains.list,2026-09-30 09:26:49.270285+00:00
h.adscope.co.kr,AVAILABILITY,domains.list,2026-09-30 09:26:52.012372+00:00
g.novostimira.biz,AVAILABILITY,domains.list,2026-09-30 09:26:53.062247+00:00
ad.pitta.ne.jp,AVAILABILITY,domains.list,2026-09-30 09:26:53.359828+00:00
api.content.ad,AVAILABILITY,domains.list,2026-09-30 09:26:53.681705+00:00
cm1.joins.com,AVAILABILITY,domains.list,2026-09-30 09:26:53.983548+00:00
cm1.jssearch.net,AVAILABILITY,domains.list,2026-09-30 09:26:54.315990+00:00
cm2.joins.com,AVAILABILITY,domains.list,2026-09-30 09:26:54.624363+00:00
cm2.jssearch.net,AVAILABILITY,domains.list,2026-09-30 09:26:54.830404+00:00
cm3.jssearch.net,AVAILABILITY,domains.list,2026-09-30 09:26:55.056763+00:00
fm1.jssearch.net,AVAILABILITY,domains.list,2026-09-30 09:26:55.300210+00:00
sp1.jssearch.net,AVAILABILITY,domains.list,2026-09-30 09:26:55.511057+00:00
im.obel.kr,AVAILABILITY,domains.list,2026-09-30 09:26:56.158346+00:00
joy-adstore.co.kr,AVAILABILITY,domains.list,2026-09-30 09:26:57.176341+00:00
inv-t-node.admixer.net,AVAILABILITY,domains.list,2026-09-30 09:26:57.418309+00:00
keyword.ad4989.co.kr,AVAILABILITY,domains.list,2026-09-30 09:26:58.770994+00:00
longkeyone.co.kr,AVAILABILITY,domains.list,2026-09-30 09:26:59.506888+00:00
mobi.luxad.kr,AVAILABILITY,domains.list,2026-09-30 09:27:00.481169+00:00
mktag.mt.co.kr,AVAILABILITY,domains.list,2026-09-30 09:27:01.164697+00:00
mediarichad.com,AVAILABILITY,domains.list,2026-09-30 09:27:01.406795+00:00
myvip.feeldmc.com,AVAILABILITY,domains.list,2026-09-30 09:27:02.922248+00:00
mobi.luxad.net,AVAILABILITY,domains.list,2026-09-30 09:27:03.173687+00:00
mobs.luxad.kr,AVAILABILITY,domains.list,2026-09-30 09:27:04.332484+00:00
mymyad.co.kr,AVAILABILITY,domains.list,2026-09-30 09:27:05.443248+00:00
new.jshopbox.com,AVAILABILITY,domains.list,2026-09-30 09:27:05.640109+00:00
zone5.adpopcon.com,AVAILABILITY,domains.list,2026-09-30 09:27:05.878716+00:00
ad79.z00.kr,AVAILABILITY,domains.list,2026-09-30 09:27:06.656918+00:00
ad89.z00.kr,AVAILABILITY,domains.list,2026-09-30 09:27:07.707176+00:00
cdn.z00.kr,AVAILABILITY,domains.list,2026-09-30 09:27:08.389016+00:00
ad.daum.net,AVAILABILITY,domains.list,2026-09-30 09:27:10.527933+00:00
op.neoad.co.kr,AVAILABILITY,domains.list,2026-09-30 09:27:11.254982+00:00
newsbanner.co.kr,AVAILABILITY,domains.list,2026-09-30 09:27:12.206946+00:00
p.lumieyes.com,AVAILABILITY,domains.list,2026-09-30 09:27:12.522748+00:00
ppdxyz.info,AVAILABILITY,domains.list,2026-09-30 09:27:13.986117+00:00
rsense-ad.realclick.co.kr,AVAILABILITY,domains.list,2026-09-30 09:27:27.790178+00:00
ra.ntwoad.co.kr,AVAILABILITY,domains.list,2026-09-30 09:27:28.869385+00:00
ad1.eventmanager.co.kr,AVAILABILITY,domains.list,2026-09-30 09:27:30.209155+00:00
script.adsquare.co.kr,AVAILABILITY,domains.list,2026-09-30 09:27:30.822575+00:00
render.helios.ligatus.com,AVAILABILITY,domains.list,2026-09-30 09:27:31.206105+00:00
secure.uac.advertising.com,AVAILABILITY,domains.list,2026-09-30 09:27:31.615397+00:00
script.keywordlink.co.kr,AVAILABILITY,domains.list,2026-09-30 09:27:33.072690+00:00
serv.ads.pixiv.org,AVAILABILITY,domains.list,2026-09-30 09:27:33.290737+00:00
sgate.opap.co.kr,AVAILABILITY,domains.list,2026-09-30 09:27:34.360799+00:00
st.keywordsconnect.com,AVAILABILITY,domains.list,2026-09-30 09:27:35.137885+00:00
ssp.advg.jp,AVAILABILITY,domains.list,2026-09-30 09:27:35.378385+00:00
tab2-cdn.rubiconproject.com,AVAILABILITY,domains.list,2026-09-30 09:27:35.994218+00:00
kakaostyle.loginside.co.kr,AVAILABILITY,domains.list,2026-09-30 09:27:37.515851+00:00
vse-spravki.bid,AVAILABILITY,domains.list,2026-09-30 09:27:37.971501+00:00
www.ad.altervista.org,AVAILABILITY,domains.list,2026-09-30 09:27:39.847010+00:00
www.ad999.biz,AVAILABILITY,domains.list,2026-09-30 09:27:40.386121+00:00
www.adixs-ad.co.kr,AVAILABILITY,domains.list,2026-09-30 09:27:41.445870+00:00
www.adcrm.co.kr,AVAILABILITY,domains.list,2026-09-30 09:27:43.362541+00:00
www.adpingpong1.co.kr,AVAILABILITY,domains.list,2026-09-30 09:27:44.544589+00:00
www.adixs.net,AVAILABILITY,domains.list,2026-09-30 09:27:44.804086+00:00
www.adpingpong.co.kr,AVAILABILITY,domains.list,2026-09-30 09:27:45.999563+00:00
www.adpingpong2.co.kr,AVAILABILITY,domains.list,2026-09-30 09:27:47.143913+00:00
www.am15.net,AVAILABILITY,domains.list,2026-09-30 09:27:47.410986+00:00
www.amazon-adsystem.com,AVAILABILITY,domains.list,2026-09-30 09:27:47.675468+00:00
www.care-health.co.kr,AVAILABILITY,domains.list,2026-09-30 09:27:48.707543+00:00
www.d1jikhx1ssl81z.cloudfront.net,AVAILABILITY,domains.list,2026-09-30 09:27:48.958049+00:00
www.d1swklt9res5jr.cloudfront.net,AVAILABILITY,domains.list,2026-09-30 09:27:49.278308+00:00
www.d1yt8zt4633tzi.cloudfront.net,AVAILABILITY,domains.list,2026-09-30 09:27:49.506276+00:00
www.d3oep4gb91kpuv.cloudfront.net,AVAILABILITY,domains.list,2026-09-30 09:27:49.725072+00:00
www.d2v02itv0y9u9t.cloudfront.net,AVAILABILITY,domains.list,2026-09-30 09:27:49.967932+00:00
www.d3pkae9owd2lcf.cloudfront.net,AVAILABILITY,domains.list,2026-09-30 09:27:50.220001+00:00
www.d22sfab2t5o9bq.cloudfront.net,AVAILABILITY,domains.list,2026-09-30 09:27:50.477862+00:00
www.d3v3bqdndm4erx.cloudfront.net,AVAILABILITY,domains.list,2026-09-30 09:27:50.802366+00:00
cm2.cjmooter.com,AVAILABILITY,domains.list,2026-09-30 09:27:51.066280+00:00
www.d3u5zn5k9864p0.cloudfront.net,AVAILABILITY,domains.list,2026-09-30 09:27:51.332863+00:00
www.d269y12mnftu9c.cloudfront.net,AVAILABILITY,domains.list,2026-09-30 09:27:51.604965+00:00
www.edgecastcdn.net,AVAILABILITY,domains.list,2026-09-30 09:28:11.109855+00:00
www.dezf3o8j9jdt6.cloudfront.net,AVAILABILITY,domains.list,2026-09-30 09:28:11.345441+00:00
www.dnhfi5nn2dt67.cloudfront.net,AVAILABILITY,domains.list,2026-09-30 09:28:11.570791+00:00
www.joy-adstore.co.kr,AVAILABILITY,domains.list,2026-09-30 09:28:12.236835+00:00
www.fam-ad.com,AVAILABILITY,domains.list,2026-09-30 09:28:13.964013+00:00
www.longkeyone.co.kr,AVAILABILITY,domains.list,2026-09-30 09:28:14.302712+00:00
www.mediarichad.com,AVAILABILITY,domains.list,2026-09-30 09:28:14.518549+00:00
www.mymyad.co.kr,AVAILABILITY,domains.list,2026-09-30 09:28:15.557283+00:00
www.newsbanner.co.kr,AVAILABILITY,domains.list,2026-09-30 09:28:16.033188+00:00
www.onetag-sys.com,AVAILABILITY,domains.list,2026-09-30 09:28:16.253527+00:00
www.onshowit.com,AVAILABILITY,domains.list,2026-09-30 09:28:21.935403+00:00
ad.newssense.co.kr,AVAILABILITY,domains.list,2026-09-30 09:28:23.088888+00:00
cdn.scrollads.co.kr,AVAILABILITY,domains.list,2026-09-30 09:28:24.379517+00:00
www.ppdxyz.info,AVAILABILITY,domains.list,2026-09-30 09:28:24.724702+00:00
www.pussl35.com,AVAILABILITY,domains.list,2026-09-30 09:28:25.004697+00:00
www.polltest.azurewebsites.net,AVAILABILITY,domains.list,2026-09-30 09:28:25.231661+00:00
www.surgeprice.com,AVAILABILITY,domains.list,2026-09-30 09:28:25.520214+00:00
www.tsyndicate.com,AVAILABILITY,domains.list,2026-09-30 09:28:25.741176+00:00
www.vse-spravki.bid,AVAILABILITY,domains.list,2026-09-30 09:28:25.987356+00:00
www.ad-playstore.com,AVAILABILITY,domains.list,2026-09-30 09:28:26.329070+00:00
ad.wowtv.co.kr,AVAILABILITY,domains.list,2026-09-30 09:28:27.479116+00:00
ads.tlvmedia.com,AVAILABILITY,domains.list,2026-09-30 09:28:27.802720+00:00
adserver.sbtrustmedia.com,AVAILABILITY,domains.list,2026-09-30 09:28:28.027660+00:00
bs.serving-sys.com,AVAILABILITY,domains.list,2026-09-30 09:28:28.244401+00:00
creative.adoffice.11st.co.kr,AVAILABILITY,domains.list,2026-09-30 09:28:28.753437+00:00
ad.ilikesponsorad.co.kr,AVAILABILITY,domains.list,2026-09-30 09:28:30.097517+00:00
cache.ssend.microad.jp,AVAILABILITY,domains.list,2026-09-30 09:28:30.446085+00:00
ad.owra.net,AVAILABILITY,domains.list,2026-09-30 09:28:31.997533+00:00
cdn.komoona.com,AVAILABILITY,domains.list,2026-09-30 09:28:32.410355+00:00
www.vhldwuv6om.com,AVAILABILITY,domains.list,2026-09-30 09:28:32.774298+00:00
nads.lumieyes.com,AVAILABILITY,domains.list,2026-09-30 09:28:33.009872+00:00
nws.lumieyes.com,AVAILABILITY,domains.list,2026-09-30 09:28:33.284209+00:00
www.prwidgets.com,AVAILABILITY,domains.list,2026-09-30 09:28:33.598539+00:00
a.komoona.com,AVAILABILITY,domains.list,2026-09-30 09:28:34.222579+00:00
ad.adop.co.kr,AVAILABILITY,domains.list,2026-09-30 09:28:34.925922+00:00
ad.adlike.co.kr,AVAILABILITY,domains.list,2026-09-30 09:28:36.326940+00:00
ad.hooniad.com,AVAILABILITY,domains.list,2026-09-30 09:28:36.562506+00:00
dlv.hooniad.com,AVAILABILITY,domains.list,2026-09-30 09:28:36.803330+00:00
onsite-api.datarize.ai,AVAILABILITY,domains.list,2026-09-30 09:28:37.042778+00:00
ad-unpack.com,AVAILABILITY,domains.list,2026-09-30 09:28:37.248879+00:00
adbiz.co.kr,AVAILABILITY,domains.list,2026-09-30 09:28:37.865855+00:00
adtradradservices.com,AVAILABILITY,domains.list,2026-09-30 09:28:38.093172+00:00
asgclickpop.com,AVAILABILITY,domains.list,2026-09-30 09:28:38.485117+00:00
berchsoda.com,AVAILABILITY,domains.list,2026-09-30 09:28:38.712386+00:00
burgeon.co.kr,AVAILABILITY,domains.list,2026-09-30 09:28:39.467626+00:00
doubleclicks.co.kr,AVAILABILITY,domains.list,2026-09-30 09:28:40.344095+00:00
ilikeview.com,AVAILABILITY,domains.list,2026-09-30 09:28:40.659127+00:00
lotteryhibernateauthorized.com,AVAILABILITY,domains.list,2026-09-30 09:28:40.982224+00:00
mediamixad.com,AVAILABILITY,domains.list,2026-09-30 09:28:41.189615+00:00
mxttrf.com,AVAILABILITY,domains.list,2026-09-30 09:28:41.585160+00:00
searchmaster.pro,AVAILABILITY,domains.list,2026-09-30 09:28:42.310229+00:00
sunnyworks.co.kr,AVAILABILITY,domains.list,2026-09-30 09:28:43.179625+00:00
kodcad.kr,AVAILABILITY,domains.list,2026-09-30 09:28:44.284672+00:00
dnhfi5nn2dt67.cloudfront.net,AVAILABILITY,domains.list,2026-09-30 09:28:44.765131+00:00
static.escdn.co,AVAILABILITY,domains.list,2026-09-30 09:28:45.179309+00:00
ad.api.stax.kr,AVAILABILITY,domains.list,2026-09-30 09:28:46.501976+00:00
ad.ilikesponsorad.com,AVAILABILITY,domains.list,2026-09-30 09:28:46.884962+00:00
nw.realssp.co.kr,AVAILABILITY,domains.list,2026-09-30 09:28:47.652271+00:00
ads.tapzin.com,AVAILABILITY,domains.list,2026-09-30 09:28:47.948498+00:00
plugin.2beon.co.kr,AVAILABILITY,domains.list,2026-09-30 09:28:48.581538+00:00
ts.2beon.co.kr,AVAILABILITY,domains.list,2026-09-30 09:28:49.535558+00:00
ad.adixs.co.kr,AVAILABILITY,domains.list,2026-09-30 09:28:50.574630+00:00
ad.aeonad.net,AVAILABILITY,domains.list,2026-09-30 09:28:50.877668+00:00
ad.ad-ya.net,AVAILABILITY,domains.list,2026-09-30 09:28:51.163078+00:00
ad.ingfac.co.kr,AVAILABILITY,domains.list,2026-09-30 09:28:52.318118+00:00
quick.1rtl.info,AVAILABILITY,domains.list,2026-09-30 09:28:52.673312+00:00
a.ligatus.com,AVAILABILITY,domains.list,2026-09-30 09:28:52.992784+00:00
i.ligatus.com,AVAILABILITY,domains.list,2026-09-30 09:28:53.273755+00:00
scripts.adrcdn.com,AVAILABILITY,domains.list,2026-09-30 09:28:53.519605+00:00
adex.adtree.kr,AVAILABILITY,domains.list,2026-09-30 09:28:54.661637+00:00
cdn.targetpush.co.kr,AVAILABILITY,domains.list,2026-09-30 09:28:55.463039+00:00
ad.aeonad.co.kr,AVAILABILITY,domains.list,2026-09-30 09:29:18.798890+00:00
ad.gogovid.net,AVAILABILITY,domains.list,2026-09-30 09:29:19.071294+00:00
adserver-us.adtech.advertising.com,AVAILABILITY,domains.list,2026-09-30 09:29:19.301477+00:00
adserver.adtech.advertising.com,AVAILABILITY,domains.list,2026-09-30 09:29:19.682753+00:00
adx.turl.co.kr,AVAILABILITY,domains.list,2026-09-30 09:29:21.132284+00:00
ad.jjang0u.com,AVAILABILITY,domains.list,2026-09-30 09:29:43.482410+00:00
ad.openmatch.co.kr,AVAILABILITY,domains.list,2026-09-30 09:29:44.776384+00:00
adclickservice.com,AVAILABILITY,domains.list,2026-09-30 09:29:45.018546+00:00
adcreative.hani.naver.net,AVAILABILITY,domains.list,2026-09-30 09:29:46.068571+00:00
ad.vkoad.com,AVAILABILITY,domains.list,2026-09-30 09:29:46.472488+00:00
ade.realclick.co.kr,AVAILABILITY,domains.list,2026-09-30 09:30:05.692124+00:00
